stop_area_gid,area_name,lon,lat
9021302000001000,4H-gården,19.98212,60.180685
9021302000003000,Amalia,20.197582,60.076598
9021302000005000,Apalnäsvägen vsk.,20.01202,60.108835
9021302000007000,Baltic,20.101858,60.036702
9021302000009000,Bamböle,19.857974,60.228255
9021302000011000,Bartsgårda,19.956685,60.280489
9021302000013000,Bartsgårda vsk.,19.952022,60.279405
9021302000015000,Bengtsböle,20.111775,60.069028
9021302000017000,Bergö/Idskärsvägen vsk.,19.978267,60.03026
9021302000019000,Bistorpsvägen vsk.,20.122119,60.070952
9021302000021000,Bjärström,19.858683,60.212613
9021302000023000,Björkliden,19.696851,60.22449
9021302000025000,Björknäs,19.925352,60.323839
9021302000027000,Björkslingan,19.950782,60.186155
9021302000029000,Björkuddsvägen vsk.,20.018877,60.094459
9021302000031000,Björkängsvägen vsk.,19.978258,60.214448
9021302000033000,Björsby,19.963935,60.18527
9021302000035000,Bo-Bil,19.942118,60.127968
9021302000037000,Boda vsk.,19.812407,60.19452
9021302000039000,Bolstaholms vsk.,19.892995,60.37331
9021302000041000,Bomarsunds fästning,20.240645,60.21222
9021302000043000,Breidablick,19.910896,60.251592
9021302000045000,Brinkbacken,19.635075,60.214429
9021302000047000,Brobacka vsk.,19.956341,60.200724
9021302000049000,Brokärrsvägen vsk.,20.059941,60.242081
9021302000052000,Brändövägen vsk.,19.877951,60.115898
9021302000054000,Byttbölevägen vsk.,19.820375,60.195496
9021302000056000,Bäckäng,20.165001,60.073939
9021302000058000,Böle vsk.,19.590528,60.225366
9021302000060000,Chipsfabriken,20.053211,60.244244
9021302000062000,Daglösa,19.993679,60.350684
9021302000064000,Dalkarbyvägen vsk.,19.939102,60.135944
9021302000066000,Degerby,20.385726,60.032131
9021302000067000,Degersandsvägen vsk.,19.595068,60.181996
9021302000069000,Djäkenböle,19.791311,60.194682
9021302000071000,Doppingvägen,19.942229,60.080017
9021302000073000,Drygsböle,19.783613,60.182175
9021302000075000,Eckerö färjterminal,19.538434,60.224613
9021302000076000,Eckerö golf,19.602075,60.217335
9021302000078000,Eckerö Hotell,19.552916,60.226346
9021302000080000,Eckerö kyrka,19.612101,60.212995
9021302000083000,Eckerö posthus vsk.,19.544022,60.221607
9021302000087000,Emkarby,19.876452,60.210549
9021302000089000,Emkarby daghem,19.88207,60.21103
9021302000091000,Espholm (Sleipner) vsk.,19.958966,60.066703
9021302000093000,Finby vsk.,20.170004,60.223553
9021302000095000,Finströms kyrka,19.936239,60.262235
9021302000097000,Skrakvägen,19.943279,60.077626
9021302000101000,Fjärilsgatan vsk.,19.5647,60.21992
9021302000103000,Folkhögskolan,19.923388,60.258637
9021302000105000,Folkhögskolan vsk.,19.916177,60.258822
9021302000107000,Frebbenby,19.710494,60.218616
9021302000109000,Fremmanby,20.061465,60.269792
9021302000111000,Furuholmen vsk.,19.899292,60.371634
9021302000113000,Färjsundsbron,20.020252,60.239873
9021302000115000,GE-huset,19.938731,60.097763
9021302000117000,Geta centrum,19.846925,60.374649
9021302000118000,Godby centrum,19.988838,60.23039
9021302000120000,Godby Hotell,19.995555,60.23227
9021302000121000,Godby högstadium,19.976049,60.223842
9021302000123000,Godbyhallen vsk.,19.981416,60.22348
9021302000125000,Godbyvägen 1285,19.979677,60.218164
9021302000127000,Gottby,19.842726,60.131867
9021302000129000,Gottby by,19.8208,60.129856
9021302000131000,Granboda,20.173317,60.075007
9021302000133000,Granholm,19.967865,60.055141
9021302000135000,Granö,19.989926,60.025525
9021302000137000,Granö vändplan,19.976438,60.016962
9021302000139000,Grelsby vsk.,19.976598,60.237587
9021302000141000,Gölby,19.946212,60.194053
9021302000143000,Gölby norra,19.950121,60.197317
9021302000145000,Haga Kungsgård,20.0031,60.30601
9021302000147000,Haga ringväg,20.013497,60.294666
9021302000148000,Hallonstigen,20.136516,60.016606
9021302000150000,"Hammarland, Torp",19.75718,60.155701
9021302000152000,Hamngatan vsk.,20.262073,60.078599
9021302000154000,Hamnsundsvägen vsk.,20.053843,60.311465
9021302000156000,Hamnterminalen,19.929278,60.092584
9021302000157000,Haraldsby,20.031081,60.246991
9021302000161000,Havsvidden vsk.,19.91424,60.367676
9021302000163000,Hellesby,19.735332,60.20031
9021302000165000,Hellestorp,20.092835,60.05307
9021302000168000,Hemdal,20.062727,60.279709
9021302000170000,Hindersvägen vsk.,19.942375,60.196182
9021302000172000,Holmen vsk.,19.988421,60.026831
9021302000176000,Hummelskär,20.02991,60.321163
9021302000178000,Hummelvik,20.413502,60.224336
9021302000179000,Högbergsvägen vsk.,20.030299,60.076051
9021302000181000,Industrivägen vsk.,19.981244,60.234497
9021302000183000,Ingby,19.946974,60.16367
9021302000185000,Jomala församlingshem,19.948736,60.152001
9021302000187000,Jomala kyrka,19.947602,60.156033
9021302000189000,Jomala skola,19.95064,60.149905
9021302000191000,Jomalaby,19.980012,60.175303
9021302000193000,Järsö,19.998032,60.020966
9021302000195000,Kalmsta,19.963776,60.116093
9021302000199000,Karholm,19.686936,60.229093
9021302000201000,Kastelholm,20.091984,60.230688
9021302000203000,Kastelholms slott/Smakbyn,20.081683,60.232821
9021302000205000,Kasvik,19.926113,60.358175
9021302000207000,Kattby,19.739113,60.216438
9021302000209000,Kattby södra,19.740455,60.215933
9021302000211000,Kavelbro,20.064418,60.285893
9021302000214000,Killingholm,19.915573,60.327638
9021302000216000,Klemetsby,20.258691,60.116694
9021302000218000,Klemetsby vsk.,20.272154,60.108831
9021302000220000,Knutsboda vsk.,20.031175,60.072808
9021302000222000,Knutsbodavägen vsk.,20.034083,60.067762
9021302000224000,Kockobacka,20.050791,60.0637
9021302000226000,Korsbro,19.766728,60.205716
9021302000228000,Kottestigen vsk.,20.389893,60.275113
9021302000230000,Kroklund,19.967055,60.308407
9021302000232000,Kroklunds vsk.,19.951644,60.305308
9021302000234000,Krokstad vsk.,20.261364,60.095405
9021302000236000,Krokstadsvägen vsk.,20.264886,60.111828
9021302000238000,Kullagatan vsk.,20.059039,60.264448
9021302000240000,Kullavägen vsk.,19.866203,60.211714
9021302000244000,Kumlinge norra färjfäste,20.790215,60.290635
9021302000245000,Kummelören,20.215668,60.079087
9021302000247000,Kungsholmen vsk.,19.923461,60.32838
9021302000249000,Kungstensvägen vsk.,19.951905,60.254522
9021302000251000,Kungsö vsk.,19.84387,60.109095
9021302000253000,Kungsövägen vsk.,19.868641,60.11854
9021302000255000,Kvarnbo,20.06158,60.274672
9021302000257000,Kvarnlyckevägen vsk.,20.093194,60.071502
9021302000259000,Källarvägen,19.915439,60.130405
9021302000261000,Källbo skola,19.985064,60.228428
9021302000263000,Käringsund Resort & Conferans,19.541838,60.237905
9021302000264000,Käringsunds Camping,19.544541,60.233431
9021302000266000,Labbnäs,19.859448,60.329829
9021302000268000,Laby,19.996358,60.318375
9021302000269000,Lafsbölevägen vsk.,20.064462,60.289849
9021302000271000,Langnäs vändplan,19.986401,60.012345
9021302000273000,Lemböte vsk.,20.029122,60.082042
9021302000275000,Lemlands kyrka,20.084244,60.071692
9021302000276000,Lemströms kanal,20.014728,60.098805
9021302000281000,Listersby,20.37944,60.230619
9021302000283000,Lumparby,20.24823,60.120672
9021302000285000,Lumparsund,20.22663,60.079928
9021302000287000,Lumpo,20.231421,60.144091
9021302000289000,Långnäs färjfäste,20.296355,60.11745
9021302000292000,Lönnhagsvägen,19.913988,60.111558
9021302000294000,Lötö,20.007403,60.31392
9021302000296000,Lövö,20.371076,60.260278
9021302000298000,Mangelbo,19.962988,60.253615
9021302000300000,Marby byn,19.666081,60.204232
9021302000302000,Marbyvägen vsk.,19.647981,60.212896
9021302000304000,Marbyöjen vsk.,19.671937,60.216347
9021302000306000,Mariavägen vsk.,19.730961,60.216755
9021302000308000,"Mariehamn, Bussplan",19.942343,60.102057
9021302000310000,Markusbölevägen,19.913907,60.254512
9021302000312000,Maxinge,19.934688,60.12989
9021302000314000,Mellanvik,20.068844,60.065975
9021302000316000,Mickelsö vsk.,20.285292,60.205961
9021302000318000,Musterivägen vsk.,20.000666,60.233695
9021302000320000,Mönbackavägen vsk.,20.156487,60.073602
9021302000322000,Mörslättsvägen vsk.,19.967454,60.301833
9021302000324000,Nabben,19.948484,60.114974
9021302000326000,Nabbenvägen vsk.,19.966703,60.294076
9021302000328000,Norra Esplanadgatan,19.936195,60.097322
9021302000330000,Norrängen,19.928354,60.200598
9021302000332000,Nåtö biologiska,19.974325,60.04576
9021302000334000,Nåtö by vsk.,19.96947,60.041118
9021302000336000,Näfsby vsk.,19.781435,60.193067
9021302000338000,Nääs,20.010816,60.320626
9021302000340000,Odalgården,19.942855,60.121656
9021302000342000,Ollas,19.944722,60.274807
9021302000344000,Ollasgatan vsk.,19.567359,60.223799
9021302000346000,Osängs,19.923632,60.33102
9021302000348000,Vårdö Pellas,20.374144,60.26488
9021302000352000,Pettböle,19.981826,60.355933
9021302000354000,Matrosgatan,19.940414,60.091013
9021302000358000,Posten,19.916297,60.120942
9021302000360000,Postgärdsvägen vsk.,19.936088,60.196114
9021302000362000,Prästgården,20.100654,60.069063
9021302000364000,Prästö,20.257977,60.207006
9021302000366000,Prästö färjfäste,20.271558,60.208225
9021302000368000,Pålsböle daghem,19.934,60.270951
9021302000370000,Pålsböle Sarlings,19.931862,60.265439
9021302000372000,Pålsbölevägen,19.965393,60.248617
9021302000374000,Ringvägen vsk.,19.942962,60.087864
9021302000376000,Rågetsböle,19.889975,60.268085
9021302000378000,Rönngården,19.947271,60.159044
9021302000380000,Rörstorp,20.13151,60.073166
9021302000382000,Saltkråkan vändplan,20.002904,60.025379
9021302000384000,Samuelstorp,19.745096,60.16991
9021302000386000,Sandmovägen vsk.,19.552998,60.223252
9021302000388000,Sandvik,20.106415,60.033561
9021302000390000,Sandösund,20.387064,60.270889
9021302000392000,Savoy,19.938054,60.100591
9021302000394000,Simskäla färjfäste,20.372777,60.32192
9021302000396000,Sjukhuset,19.93231,60.113796
9021302000398000,Skag vsk.,20.237988,60.084675
9021302000400000,Skagvägen vsk.,19.580641,60.226382
9021302000402000,Skarpans vsk.,20.224231,60.211898
9021302000404000,Skeppsviksvägen vsk.,19.577132,60.190246
9021302000406000,Skillnadsgatan vsk.,19.939914,60.09303
9021302000408000,Skolsvängen vsk.,20.136745,60.073754
9021302000412000,Slottsvägen vsk.,20.071466,60.24029
9021302000414000,S-market/Medimar,19.913002,60.113908
9021302000416000,Smartpark,19.607586,60.214515
9021302000418000,Smedsböle vsk.,20.161875,60.223605
9021302000420000,Snäckö färjfäste,20.726763,60.219147
9021302000421000,Solberget södra,19.979463,60.112396
9021302000423000,Lervik,19.948346,60.074118
9021302000427000,Sportkila,20.136441,60.220549
9021302000429000,Torget,19.942816,60.097369
9021302000433000,Stenbro vsk.,20.083498,60.2379
9021302000435000,Storby,19.55863,60.223221
9021302000437000,Storängsgatan vsk.,20.188403,60.219519
9021302000439000,Strandnäs,19.942265,60.117011
9021302000441000,Strandnäs hotell,19.942498,60.11971
9021302000443000,Strandnäs skola norra,19.943821,60.116492
9021302000445000,Strandnäs skola södra,19.945234,60.115481
9021302000447000,Strömma,20.044246,60.3206
9021302000449000,Strömsby vsk.,20.372604,60.247204
9021302000451000,Strömsnäs,20.02433,60.090382
9021302000453000,Stålsby,19.95828,60.345536
9021302000455000,Sundsvägen 871 vsk.,20.113601,60.221805
9021302000457000,Svartsmara,19.879543,60.249252
9021302000461000,Sviby bro,19.917725,60.113477
9021302000463000,Svinö färjfäste,20.267584,60.06653500000001
9021302000464000,Svinö stugby,20.261199,60.082395
9021302000466000,Svinövägen vsk.,20.256118,60.085444
9021302000470000,Söderby Livs,20.085731,60.068834
9021302000472000,Södergatan vsk.,19.564498,60.214843
9021302000474000,Söderhägnan,20.01337,60.106034
9021302000478000,Södernäsvägen vsk.,20.024423,60.241515
9021302000480000,Söderskogsvägen vsk.,19.8437,60.20621
9021302000482000,Södersunda,19.872447,60.15473
9021302000483000,Södersunda skola,19.877479,60.156352
9021302000484000,Södra Finbygatan vsk.,20.179209,60.221763
9021302000486000,Södra Flaka,20.162444,60.019801
9021302000488000,Södra Kulla,19.874679,60.20883
9021302000490000,Södra Svinövägen vsk.,20.260245,60.075801
9021302000492000,Tekniska verken,19.932977,60.106496
9021302000494000,Tellviksvägen vsk.,19.98978,60.290121
9021302000495000,Tingsbacka,19.918269,60.203882
9021302000497000,Tjudö midsommarstång,19.947914,60.333728
9021302000499000,Tjudö vsk.,19.941328,60.314466
9021302000501000,Tobölevägen vsk.,20.019528,60.321846
9021302000503000,Eckerö Torp,19.587329,60.187824
9021302000506000,Torpfjärden,19.883867,60.113487
9021302000508000,Torrbolstad,19.906185,60.277505
9021302000510000,Tosarby vsk.,20.104958,60.223614
9021302000512000,Tärnebolstad,19.958307,60.266329
9021302000514000,Töftö,20.297833,60.211715
9021302000516000,Töftö färjfäste,20.277861,60.205603
9021302000518000,Ulfsby,19.930821,60.155133
9021302000520000,Utängarna,19.858248,60.121738
9021302000522000,Utängsvägen,19.887644,60.126981
9021302000523000,Valborg,20.097777,60.068466
9021302000525000,Vandö,19.907863,60.30466
9021302000527000,Vargata brygga vsk.,20.341469,60.243613
9021302000529000,Vargata centrum,20.351116,60.245909
9021302000531000,Vargata vsk.,20.353713,60.244611
9021302000533000,Vargsunda,19.856947,60.178605
9021302000535000,Vessingsboda,20.174763,60.043908
9021302000537000,Vestansunda,19.843337,60.153674
9021302000539000,Vestmyravägen vsk. 1,19.778758,60.196978
9021302000541000,Vestmyravägen vsk. 2,19.739425,60.193644
9021302000543000,Vikingahallen,19.949531,60.147933
9021302000545000,Vårdö kyrka,20.37048,60.24292
9021302000548000,Vårdö skola,20.375506,60.244506
9021302000549000,Västanträsk 1,19.92543,60.333835
9021302000551000,Västanträsk 2,19.92659,60.340631
9021302000553000,Västanträsk musteri,19.928696,60.343357
9021302000555000,Västergeta,19.855486,60.376826
9021302000557000,Västeränga,20.13258,60.016158
9021302000559000,Västra macken,19.929983,60.111219
9021302000561000,Västra Möckelö vsk.,19.898805,60.107112
9021302000563000,Ytterby,20.014738,60.160704
9021302000564000,Ytternäs skola,19.942017,60.0842
9021302000566000,Ytterängsvägen vsk.,19.996131,60.302566
9021302000567000,Ålandsplan,19.937223,60.104026
9021302000569000,Åttbölevägen vsk.,19.907191,60.251229
9021302000571000,Ämnäs,19.963234,60.209193
9021302000573000,Ämnäs viken,19.959523,60.204623
9021302000575000,Ämnäsgatan,19.973012,60.211393
9021302000577000,Ängösundsvägen vsk.,20.26134,60.115696
9021302000583000,Ödanböle,19.840408,60.137343
9021302000585000,Ödkarby,19.979848,60.310115
9021302000586000,Ödkarby skola,19.991636,60.30377
9021302000588000,Öjvägen vsk.,20.073003,60.070292
9021302000590000,Önningeby vsk.,20.00569,60.11089
9021302000592000,Öra macken,19.682636,60.223034
9021302000594000,Östanträsk,19.795598,60.152439
9021302000596000,Östanåkersvägen vsk.,19.905251,60.210604
9021302000598000,Östergeta 1,19.875435,60.377376
9021302000600000,Östergeta 2,19.867101,60.378084
9021302000602000,Östra skolgatan,19.935555,60.09967
9021302000604000,Överby,19.986022,60.148149
9021302000606000,Överbyvägen vsk.,19.626557,60.213468
9021302000608000,Övernäs skola,19.932325,60.099596
9021302000609000,Överö,20.510715,60.111552
9021302000610000,Tengsödavik,20.193289,60.310287
9021302000611000,Skräddarsvängen vsk.,19.884124,60.377039
9021302000612000,Jomala Torp,19.896319,60.133817
9021302000613000,Lemland Pellas,20.186498,60.075784
9021302000614000,Kulla sund,20.064826,60.240601
9021302000615000,Österkullagatan,19.981894,60.109172
9021302000616000,Doktorsvägen 1A,19.934981,60.115607
9021302000617000,Lemlandsvägen,19.957402,60.116605
9021302000618000,Gröna Udden,19.950105,60.091601
9021302000619000,Juseliusvägen,19.953264,60.089311
9021302000620000,Vedhuggsvägen,19.938835,60.113993
9021302000621000,Övernäsgården,19.95535,60.087602
9021302000622000,Solberget,19.978357,60.114962
9021302000623000,Lindstigen,19.95741,60.079729
9021302000624000,Stenhuggarvägen,19.930606,60.111391
9021302000625000,Musikinstitutet,19.940394,60.111079
9021302000626000,Källstigen,19.959691,60.081477
9021302000627000,Cedersvägen,19.933908,60.109494
9021302000628000,Sälgstigen,19.959119,60.084597
9021302000629000,Klintvägen,19.933162,60.107562
9021302000630000,Kalmarnäs vändplan,19.985222,60.092878
9021302000631000,Hotell & Restaurangskolan,19.941576,60.107611
9021302000632000,Vikingagränd,19.93595,60.122784
9021302000633000,Bolstavägen,19.944736,60.123838
9021302000634000,Lillåkersvägen,19.947856,60.123694
9021302000635000,Högbackagatan,19.949371,60.121913
9021302000636000,Backebergs sportfält,19.949834,60.119944
9021302000637000,Elverksgatan,19.93081,60.106584
9021302000638000,Uppgårdsvägen 10,19.934244,60.119451
9021302000639000,Hindersbölevägen,19.952439,60.119573
9021302000640000,Doktorsvägen 1B/1C,19.934761,60.116367
9021302000641000,Hjortronstigen,19.933564,60.121154
9021302000642000,Räddningsverket,19.927555,60.106074
9021302000643000,Örtvägen,19.95778,60.119582
9021302000644000,Strandgränd,19.942099,60.104447
9021302000645000,Havsörnsvägen,19.952365,60.076724
9021302000646000,Ytternäs skola,19.940225,60.082786
9021302000647000,Lotsgatan,19.935341,60.084609
9021302000648000,Baltichallen,19.941523,60.086595
9021302000649000,Parkgatan,19.947241,60.093126
9021302000650000,Neptunigatan,19.93168,60.092754
9021302000651000,Skillnadsgatan,19.937559,60.093126
9021302000652000,Torggatan,19.943902,60.093602
9021302000653000,Stadshuset,19.943129,60.095067
9021302000654000,Hamngatan,19.92766,60.094748
9021302000655000,Ukrainaplatsen,19.93084,60.096662
9021302000656000,Torget,19.942512,60.097605
9021302000657000,Kyrkan,19.936185,60.097365
9021302000658000,Östra Esplanadgatan,19.935161,60.097727
9021302000659000,Norragatan,19.933721,60.098398
9021302000660000,Ålands lyceum,19.936725,60.099817
9021302000661000,Idrottsgården,19.930118,60.100757
9021302000662000,"Centrum, Nygatan",19.941426,60.100122
9021302000663000,Yrkesgymnasiet,19.928842,60.102134
9021302000664000,Möckelö Strand,19.89306,60.102273
9021302000665000,Eckeröhallen,19.548639,60.228806
9021302000666000,Svinryggen,19.812888,60.144256
9021302000667000,Jakt- och fiskemuséet vsk,19.545728,60.230609
9021302000668000,Jomala skola södra,19.952267,60.147869
9021302000669000,Buskböle,19.930917,60.191278
9021302000670000,Österkalmare,19.988167,60.128361
9021302000671000,Dalkullavägen,19.918852,60.129522
9021302000672000,Länsmansgränd,19.924902,60.121747
9021302000673000,Åbrinken,19.926053,60.119748
9021302000674000,Åsvägen,19.928598,60.115358
9021302000675000,Kasbrinken,19.927047,60.118044
9021302000676000,Kasbergsvägen,19.923523,60.124299
9021302000677000,Norrgårdsvägen,19.899083,60.105353
9021302000678000,Långnäs hamn,20.297342,60.116378
9021302000679000,Polishuset,19.94257,60.102482
9021302000680000,Timskär,20.365235,60.331422
9021302000681000,Vattungs revet,20.372568,60.322174
9021302001001000,Sottunga,20.681985,60.109837
9021302001002000,Husö,20.807327,60.064691
9021302001003000,Kyrkogårdsö,20.824804,60.031246
9021302001004000,Kökar,20.890769,59.945281
9021302001005000,Enklinge,20.751463,60.318215
9021302001006000,Lappo,20.995991,60.317462
9021302001007000,Bergö,20.392849,60.162687
9021302001008000,Asterholma,21.033883,60.304044
9021302001010000,Osnäs,21.247329,60.507046
9021302001011000,Galtby,21.58509,60.18502
9021302001013000,Ängösund (Lumparland),20.289572,60.153004
9021302001014000,Ängösund (Ängö),20.294455,60.154101
9021302001015000,Embarsund (Finholma),20.526723,60.074426
9021302001016000,Embarsund (Jyddö),20.527154,60.07647
9021302001017000,Seglinge (Seglinge),20.710154,60.215173
9021302001018000,Seglinge (Snäckö),20.726356,60.219478
9021302001019000,Björkö (Björkö),20.941831,60.31094
9021302001020000,Björkö (Lappo),20.952221,60.311251
9021302001021000,Åva,21.0579,60.503347
9021302001022000,Jurmo,21.075031,60.515968
9021302001023000,Torsholma,21.038087,60.35657
